{
  "dogs": [
    {
      "id": 1,
      "name": "AFFENPINSCHER",
      "img": "https://dog.ceo/api/img/affenpinscher/n02110627_11584.jpg"
    },
    {
      "id": 2,
      "name": "AKITA",
      "img": "https://dog.ceo/api/img/akita/Akita_Inu_dog.jpg"
    },
    {
      "id": 3,
      "name": "CHIHUAHUA",
      "img": "https://dog.ceo/api/img/chihuahua/n02085620_8578.jpg"
    },
    {
      "id": 4,
      "name": "LHASA",
      "img": "https://dog.ceo//api//img//lhasa//n02098413_3033.jpg"
    },
    {
      "id": 5,
      "name": "MINIATURE SCHNAUZER",
      "img": "https://dog.ceo//api//img//schnauzer//n02097209_920.jpg"
    },
    {
      "name": "LASSY",
      "img": "https://myjoyofliving.com/wp-content/uploads/2013/05/Collie-dog.jpg",
      "id": 6
    }
  ]
}