{
  "creations": [
    {
      "name": "Musica",
      "img": "https://raw.githubusercontent.com/alinamoraru/facultate/master/music.jpeg",
      "id": 1
    },
    {
      "name": "Poetry",
      "img": "https://raw.githubusercontent.com/alinamoraru/facultate/master/poetry.JPG",
      "id": 2
    },
    {
      "id": 3,
      "name": "Photography",
      "img": "https://raw.githubusercontent.com/alinamoraru/facultate/master/photo3.jpg"
    },
    {
      "id": 4,
      "name": "Organization",
      "img": "https://raw.githubusercontent.com/alinamoraru/facultate/master/organization.png"
    },
    {
      "name": "Lassy",
      "img": "https://myjoyofliving.com/wp-content/uploads/2013/05/Collie-dog.jpg",
      "id": 5
    }
  ]
}